<?xml version="1.0" encoding="utf-8"?>
<license id="87d47f3b-42c7-42cf-8e8f-abc1cd614eed" expiration="9999-12-31T23:59:59.9999999" type="Standard" LicenseVersion="3.3" LicenseType="Standard" WorkerThreads="Max" MaxMessageThroughputPerSecond="Max" AllowedNumberOfWorkerNodes="Max" ProductType="Perpetual" AllowedCores="8">
  <name>Challenger</name>
  <Signature xmlns="http://www.w3.org/2000/09/xmldsig#">
    <SignedInfo>
      <CanonicalizationMethod Algorithm="http://www.w3.org/TR/2001/REC-xml-c14n-20010315" />
      <SignatureMethod Algorithm="http://www.w3.org/2000/09/xmldsig#rsa-sha1" />
      <Reference URI="">
        <Transforms>
          <Transform Algorithm="http://www.w3.org/2000/09/xmldsig#enveloped-signature" />
        </Transforms>
        <DigestMethod Algorithm="http://www.w3.org/2000/09/xmldsig#sha1" />
        <DigestValue>s4ALjoCcvnRbwBPWJKLu9dTC6fI=</DigestValue>
      </Reference>
    </SignedInfo>
    <SignatureValue>yStcnbKVphHCkb0eqpfny77VzSqZfNTIISet/m5Aek5AKDQtHij8kt8qMd5rNTWrflyLOQvNZ+9dR1FGqfE4Yy+Jp77SbHsQJcJK3dFm2t1suQSXgw+FDjv5up8eIjrHUu8nRX3A3hIh9ZKLRT+Ofywtpb6QEDNBJ2dyM2wvDe4=</SignatureValue>
  </Signature>
</license>